"Date","Price","Open","High","Low","Vol.","Change %"
"11/14/2025","25,910.05","25,767.90","25,940.20","25,740.80","518.94M","0.12%"
"11/13/2025","25,879.15","25,906.10","26,010.70","25,808.40","385.17M","0.01%"
"11/12/2025","25,875.80","25,834.30","25,934.55","25,781.15","312.59M","0.70%"
"11/11/2025","25,694.95","25,617.00","25,715.80","25,449.25","297.71M","0.47%"
"11/10/2025","25,574.35","25,503.50","25,653.45","25,503.50","243.59M","0.32%"
"11/07/2025","25,492.30","25,433.80","25,551.25","25,318.45","305.61M","-0.07%"
"11/06/2025","25,509.70","25,593.35","25,679.15","25,491.55","371.85M","-0.34%"
"11/04/2025","25,597.65","25,744.75","25,787.40","25,578.40","305.14M","-0.64%"
"11/03/2025","25,763.35","25,696.85","25,803.10","25,645.50","23.35M","0.16%"
"10/31/2025","25,722.10","25,863.80","25,953.75","25,711.20","334.38M","-0.60%"
"10/30/2025","25,877.85","25,984.40","26,032.05","25,845.25","257.37M","-0.68%"
"10/29/2025","26,053.90","25,982.00","26,097.85","25,960.30","321.88M","0.45%"
"10/28/2025","25,936.20","25,939.95","26,041.70","25,810.05","395.23M","-0.11%"
"10/27/2025","25,966.05","25,843.20","26,005.95","25,827.00","266.34M","0.66%"
"10/24/2025","25,795.15","25,935.10","25,944.15","25,718.20","284.91M","-0.37%"
"10/23/2025","25,891.40","26,057.20","26,104.20","25,862.45","448.40M","0.09%"
"10/21/2025","25,868.60","25,901.20","25,934.35","25,825.80","42.47M","0.10%"
"10/20/2025","25,843.15","25,824.60","25,926.20","25,788.50","301.13M","0.52%"
"10/17/2025","25,709.85","25,546.85","25,781.50","25,508.60","422.06M","0.49%"
"10/16/2025","25,585.30","25,394.90","25,625.40","25,376.85","372.78M","1.03%"
"10/15/2025","25,323.55","25,181.95","25,365.15","25,159.35","289.93M","0.71%"
"10/14/2025","25,145.50","25,277.55","25,310.35","25,060.55","292.13M","-0.32%"
"10/13/2025","25,227.35","25,177.30","25,267.30","25,152.30","234.29M","-0.23%"
"10/10/2025","25,285.35","25,167.65","25,330.75","25,156.85","232.94M","0.41%"
"10/09/2025","25,181.80","25,074.30","25,199.25","25,024.30","286.25M","0.54%"
"10/08/2025","25,046.15","25,079.75","25,192.50","25,008.50","227.44M","-0.25%"
"10/07/2025","25,108.30","25,085.30","25,220.90","25,076.30","287.99M","0.12%"
"10/06/2025","25,077.65","24,916.55","25,095.95","24,881.65","268.79M","0.74%"
"10/03/2025","24,894.25","24,759.55","24,904.80","24,747.55","365.85M","0.23%"
"10/01/2025","24,836.30","24,620.55","24,867.95","24,605.95","308.90M","0.92%"
"09/30/2025","24,611.10","24,691.95","24,731.80","24,587.70","303.04M","-0.10%"
"09/29/2025","24,634.90","24,728.55","24,791.30","24,606.20","394.39M","-0.08%"
"09/26/2025","24,654.70","24,818.55","24,868.60","24,629.45","291.54M","-0.95%"
"09/25/2025","24,890.85","25,034.50","25,092.70","24,878.30","342.53M","-0.66%"
"09/24/2025","25,056.90","25,108.75","25,149.85","25,027.45","244.38M","-0.45%"
"09/23/2025","25,169.50","25,209.00","25,261.90","25,084.65","299.20M","-0.13%"
"09/22/2025","25,202.35","25,238.10","25,331.70","25,151.05","254.51M","-0.49%"
"09/19/2025","25,327.05","25,410.20","25,428.75","25,286.30","380.36M","-0.38%"
"09/18/2025","25,423.60","25,441.05","25,448.95","25,329.75","272.19M","0.37%"
"09/17/2025","25,330.25","25,276.60","25,346.50","25,275.35","268.94M","0.36%"
"09/16/2025","25,239.10","25,073.60","25,261.40","25,070.45","240.12M","0.68%"
"09/15/2025","25,069.20","25,118.90","25,138.45","25,048.75","185.38M","-0.18%"
"09/12/2025","25,114.00","25,074.45","25,139.45","25,038.05","225.74M","0.43%"
"09/11/2025","25,005.50","24,945.50","25,037.30","24,940.15","224.57M","0.13%"
"09/10/2025","24,973.10","24,991.00","25,035.70","24,915.05","244.15M","0.42%"
"09/09/2025","24,868.60","24,864.10","24,891.80","24,814.00","226.92M","0.39%"
"09/08/2025","24,773.15","24,802.60","24,885.50","24,751.55","213.23M","0.13%"
"09/05/2025","24,741.00","24,818.85","24,832.35","24,621.60","210.07M","0.03%"
"09/04/2025","24,734.30","24,980.75","24,980.75","24,708.20","314.09M","0.08%"
"09/03/2025","24,715.05","24,616.50","24,737.05","24,533.20","340.28M","0.55%"
"09/02/2025","24,579.60","24,653.00","24,756.10","24,522.35","271.56M","-0.18%"
"09/01/2025","24,625.05","24,432.70","24,635.60","24,432.70","229.33M","0.81%"
"08/29/2025","24,426.85","24,466.70","24,572.45","24,404.70","325.52M","-0.30%"
"08/28/2025","24,500.90","24,695.80","24,702.65","24,481.60","326.60M","-0.85%"
"08/26/2025","24,712.05","24,899.50","24,919.65","24,689.60","750.47M","-1.02%"
"08/25/2025","24,967.75","24,949.15","25,021.55","24,894.35","213.03M","0.39%"
"08/22/2025","24,870.10","25,064.15","25,084.85","24,859.15","210.17M","-0.85%"
"08/21/2025","25,083.75","25,142.00","25,153.65","25,054.90","226.54M","0.13%"
"08/20/2025","25,050.55","24,965.80","25,088.70","24,929.70","287.05M","0.28%"
"08/19/2025","24,980.65","24,891.35","25,012.65","24,873.95","252.34M","0.42%"
"08/18/2025","24,876.95","24,938.20","25,022.00","24,852.85","363.07M","1.00%"
"08/14/2025","24,631.30","24,607.25","24,673.65","24,596.90","270.16M","0.05%"
"08/13/2025","24,619.35","24,586.20","24,664.55","24,535.25","236.01M","0.54%"
"08/12/2025","24,487.40","24,563.35","24,702.60","24,465.65","237.00M","-0.40%"
"08/11/2025","24,585.05","24,371.50","24,600.85","24,347.45","241.15M","0.91%"
"08/08/2025","24,363.30","24,544.25","24,585.50","24,337.50","312.63M","-0.95%"
"08/07/2025","24,596.15","24,464.20","24,634.20","24,344.15","616.74M","0.09%"
"08/06/2025","24,574.20","24,641.35","24,671.40","24,539.20","225.09M","-0.31%"
"08/05/2025","24,649.55","24,720.25","24,733.10","24,590.30","251.85M","-0.30%"
"08/04/2025","24,722.75","24,596.05","24,736.25","24,554.00","259.33M","0.64%"
"08/01/2025","24,565.35","24,734.90","24,784.15","24,535.05","263.36M","-0.82%"
"07/31/2025","24,768.35","24,642.25","24,956.50","24,635.00","346.30M","-0.35%"
"07/30/2025","24,855.05","24,890.40","24,902.30","24,771.95","243.89M","0.14%"
"07/29/2025","24,821.10","24,609.65","24,847.15","24,598.60","284.66M","0.57%"
"07/28/2025","24,680.90","24,782.45","24,889.20","24,646.60","262.14M","-0.63%"
"07/25/2025","24,837.00","25,010.35","25,010.35","24,806.35","278.14M","-0.90%"
"07/24/2025","25,062.10","25,243.30","25,246.25","25,018.70","338.73M","-0.63%"
"07/23/2025","25,219.90","25,139.35","25,233.50","25,085.50","271.54M","0.63%"
"07/22/2025","25,060.90","25,166.65","25,182.00","25,035.55","483.73M","-0.12%"
"07/21/2025","25,090.70","24,999.00","25,111.40","24,882.30","305.22M","0.49%"
"07/18/2025","24,968.40","25,108.55","25,144.60","24,918.65","316.98M","-0.57%"
"07/17/2025","25,111.45","25,230.75","25,238.35","25,101.00","243.41M","-0.40%"
"07/16/2025","25,212.05","25,196.60","25,255.30","25,121.05","228.82M","0.06%"
"07/15/2025","25,195.80","25,089.50","25,245.20","25,088.45","241.34M","0.45%"
"07/14/2025","25,082.30","25,149.50","25,151.10","25,001.95","259.53M","-0.27%"
"07/11/2025","25,149.85","25,255.50","25,322.45","25,129.00","249.99M","-0.81%"
"07/10/2025","25,355.25","25,511.65","25,524.05","25,340.45","219.61M","-0.47%"
"07/09/2025","25,476.10","25,514.60","25,548.70","25,424.35","239.08M","-0.18%"
"07/08/2025","25,522.50","25,427.85","25,548.05","25,424.15","210.41M","0.24%"
"07/07/2025","25,461.30","25,450.45","25,489.80","25,407.25","196.05M","0.00%"
"07/04/2025","25,461.00","25,428.85","25,470.25","25,331.65","193.51M","0.22%"
"07/03/2025","25,405.30","25,505.10","25,587.50","25,384.35","293.43M","-0.19%"
"07/02/2025","25,453.40","25,588.30","25,608.10","25,378.75","309.83M","-0.35%"
"07/01/2025","25,541.80","25,551.35","25,593.40","25,501.80","260.67M","0.10%"
"06/30/2025","25,517.05","25,661.65","25,669.35","25,473.30","270.98M","-0.47%"
"06/27/2025","25,637.80","25,576.65","25,654.20","25,523.55","563.96M","0.35%"
"06/26/2025","25,549.00","25,268.95","25,565.30","25,259.90","428.89M","1.21%"
"06/25/2025","25,244.75","25,150.35","25,266.80","25,125.05","260.58M","0.80%"
"06/24/2025","25,044.35","25,179.90","25,317.70","24,999.70","450.19M","0.29%"
"06/23/2025","24,971.90","24,939.75","25,057.00","24,824.85","248.53M","-0.56%"
"06/20/2025","25,112.40","24,787.65","25,136.20","24,783.65","574.65M","1.29%"
"06/19/2025","24,793.25","24,803.25","24,863.10","24,733.40","274.62M","-0.08%"
"06/18/2025","24,812.05","24,788.35","24,947.55","24,750.45","237.60M","-0.17%"
"06/17/2025","24,853.40","24,977.85","24,982.05","24,813.70","242.42M","-0.37%"
"06/16/2025","24,946.50","24,732.35","24,967.10","24,703.60","305.81M","0.92%"
"06/13/2025","24,718.60","24,473.00","24,754.35","24,473.00","318.71M","-0.68%"
"06/12/2025","24,888.20","25,164.45","25,196.20","24,825.90","328.31M","-1.01%"
"06/11/2025","25,141.40","25,134.15","25,222.40","25,081.30","301.25M","0.15%"
"06/10/2025","25,104.25","25,196.05","25,199.30","25,055.45","307.32M","0.00%"
"06/09/2025","25,103.20","25,160.10","25,160.10","25,077.15","279.22M","0.40%"
"06/06/2025","25,003.05","24,748.70","25,029.50","24,671.45","335.58M","1.02%"
"06/05/2025","24,750.90","24,691.20","24,899.85","24,613.10","388.41M","0.53%"
"06/04/2025","24,620.20","24,560.45","24,644.25","24,530.45","280.86M","0.32%"
"06/03/2025","24,542.50","24,786.30","24,845.10","24,502.15","349.29M","-0.70%"
"06/02/2025","24,716.60","24,669.70","24,754.40","24,526.15","311.10M","-0.14%"
"05/30/2025","24,750.70","24,812.60","24,863.95","24,717.40","853.89M","-0.33%"
"05/29/2025","24,833.60","24,825.10","24,892.60","24,677.30","345.37M","0.33%"
"05/28/2025","24,752.45","24,832.50","24,864.25","24,737.05","684.43M","-0.30%"
"05/27/2025","24,826.20","24,956.65","25,062.90","24,704.10","525.65M","-0.70%"
"05/26/2025","25,001.15","24,919.35","25,079.20","24,900.50","302.80M","0.60%"
"05/23/2025","24,853.15","24,639.50","24,909.05","24,614.05","270.47M","0.99%"
"05/22/2025","24,609.70","24,733.95","24,737.50","24,462.40","403.28M","-0.82%"
"05/21/2025","24,813.45","24,744.25","24,946.20","24,685.35","332.72M","0.52%"
"05/20/2025","24,683.90","24,996.20","25,010.35","24,669.70","414.80M","-1.05%"
"05/19/2025","24,945.45","25,005.35","25,062.95","24,916.65","255.25M","-0.30%"
"05/16/2025","25,019.80","25,064.65","25,070.00","24,953.05","432.72M","-0.17%"
"05/15/2025","25,062.10","24,694.45","25,116.25","24,494.45","500.82M","1.60%"
"05/14/2025","24,666.90","24,613.80","24,767.55","24,535.55","345.49M","0.36%"
"05/13/2025","24,578.35","24,864.05","24,973.80","24,547.50","422.98M","-1.39%"
"05/12/2025","24,924.70","24,420.10","24,944.80","24,378.85","368.71M","3.82%"
"05/09/2025","24,008.00","23,935.75","24,164.25","23,935.75","335.55M","-1.10%"
"05/08/2025","24,273.80","24,431.50","24,447.25","24,150.20","411.36M","-0.58%"
"05/07/2025","24,414.40","24,233.30","24,449.60","24,220.00","330.14M","0.14%"
"05/06/2025","24,379.60","24,500.75","24,509.65","24,331.80","302.35M","-0.33%"
"05/05/2025","24,461.15","24,419.50","24,526.40","24,400.65","291.47M","0.47%"
"05/02/2025","24,346.70","24,311.90","24,589.15","24,238.50","421.11M","0.05%"
"04/30/2025","24,334.20","24,342.05","24,396.15","24,198.75","424.45M","-0.01%"
"04/29/2025","24,335.95","24,370.70","24,457.65","24,290.75","357.56M","0.03%"
"04/28/2025","24,328.50","24,070.25","24,355.10","24,054.05","320.47M","1.20%"
"04/25/2025","24,039.35","24,289.00","24,365.45","23,847.85","387.74M","-0.86%"
"04/24/2025","24,246.70","24,277.90","24,347.85","24,216.15","358.77M","-0.34%"
"04/23/2025","24,328.95","24,357.60","24,359.30","24,119.95","415.04M","0.67%"
"04/22/2025","24,167.25","24,185.40","24,242.60","24,072.00","440.94M","0.17%"
"04/21/2025","24,125.55","23,949.15","24,189.55","23,903.65","406.15M","1.15%"
"04/17/2025","23,851.65","23,401.85","23,872.35","23,298.55","505.33M","1.77%"
"04/16/2025","23,437.20","23,344.10","23,452.20","23,273.05","348.42M","0.47%"
"04/15/2025","23,328.55","23,368.35","23,368.35","23,207.00","388.32M","2.19%"
"04/11/2025","22,828.55","22,695.40","22,923.90","22,695.40","402.16M","1.92%"
"04/09/2025","22,399.15","22,460.30","22,468.70","22,353.25","383.82M","-0.61%"
"04/08/2025","22,535.85","22,446.75","22,697.20","22,270.85","468.25M","1.69%"
"04/07/2025","22,161.60","21,758.40","22,254.00","21,743.65","647.11M","-3.24%"
"04/04/2025","22,904.45","23,190.40","23,214.70","22,857.45","466.78M","-1.49%"
"04/03/2025","23,250.10","23,150.30","23,306.50","23,145.80","283.20M","-0.35%"
"04/02/2025","23,332.35","23,192.60","23,350.00","23,158.45","340.97M","0.72%"
"04/01/2025","23,165.70","23,341.10","23,565.15","23,136.40","314.31M","-1.50%"
"03/28/2025","23,519.35","23,600.40","23,649.20","23,450.20","295.36M","-0.31%"
"03/27/2025","23,591.95","23,433.95","23,646.45","23,412.20","510.30M","0.45%"
"03/26/2025","23,486.85","23,700.95","23,736.50","23,451.70","278.59M","-0.77%"
"03/25/2025","23,668.65","23,751.50","23,869.60","23,601.40","338.22M","0.04%"
"03/24/2025","23,658.35","23,515.40","23,708.75","23,433.50","311.90M","1.32%"
"03/21/2025","23,350.40","23,168.25","23,402.70","23,132.80","540.97M","0.69%"
"03/20/2025","23,190.65","23,036.60","23,216.70","22,973.95","313.73M","1.24%"
"03/19/2025","22,907.60","22,874.95","22,940.70","22,807.95","323.99M","0.32%"
"03/18/2025","22,834.30","22,662.25","22,857.80","22,599.20","272.58M","1.45%"
"03/17/2025","22,508.75","22,353.15","22,577.00","22,353.15","251.10M","0.50%"
"03/13/2025","22,397.20","22,541.50","22,558.05","22,377.35","287.54M","-0.33%"
"03/12/2025","22,470.50","22,536.35","22,577.40","22,329.55","369.74M","-0.12%"
"03/11/2025","22,497.90","22,345.95","22,522.10","22,314.70","347.92M","0.17%"
"03/10/2025","22,460.30","22,521.85","22,676.75","22,429.05","293.86M","-0.41%"
"03/07/2025","22,552.50","22,508.65","22,633.80","22,464.75","289.77M","0.03%"
"03/06/2025","22,544.70","22,476.35","22,556.45","22,245.85","372.08M","0.93%"
"03/05/2025","22,337.30","22,073.05","22,394.90","22,067.80","305.94M","1.15%"
"03/04/2025","22,082.65","21,974.45","22,105.05","21,964.60","253.26M","-0.17%"
"03/03/2025","22,119.30","22,194.55","22,261.55","22,004.70","282.40M","-0.02%"
"02/28/2025","22,124.70","22,433.40","22,450.35","22,104.85","551.29M","-1.86%"
"02/27/2025","22,545.05","22,568.95","22,613.30","22,508.40","289.23M","-0.01%"
"02/25/2025","22,547.55","22,516.45","22,625.30","22,513.90","250.28M","-0.03%"
"02/24/2025","22,553.35","22,609.35","22,668.05","22,518.80","214.32M","-1.06%"
"02/21/2025","22,795.90","22,857.20","22,921.00","22,720.30","242.75M","-0.51%"
"02/20/2025","22,913.15","22,821.10","22,923.85","22,812.75","240.84M","-0.09%"
"02/19/2025","22,932.90","22,847.25","23,049.95","22,814.85","207.00M","-0.05%"
"02/18/2025","22,945.30","22,963.65","22,992.50","22,801.50","210.62M","-0.06%"
"02/17/2025","22,959.50","22,809.90","22,974.20","22,725.45","207.39M","0.13%"
"02/14/2025","22,929.25","23,096.45","23,133.70","22,774.85","254.48M","-0.44%"
"02/13/2025","23,031.40","23,055.75","23,235.50","22,992.20","265.71M","-0.06%"
"02/12/2025","23,045.25","23,050.80","23,144.70","22,798.35","279.66M","-0.12%"
"02/11/2025","23,071.80","23,383.55","23,390.05","22,986.65","267.97M","-1.32%"
"02/10/2025","23,381.60","23,543.80","23,568.60","23,316.30","234.20M","-0.76%"
"02/07/2025","23,559.95","23,649.50","23,694.50","23,443.20","368.09M","-0.18%"
"02/06/2025","23,603.35","23,761.95","23,773.55","23,556.25","306.98M","-0.39%"
"02/05/2025","23,696.30","23,801.75","23,807.30","23,680.45","267.01M","-0.18%"
"02/04/2025","23,739.25","23,509.90","23,762.75","23,423.15","376.74M","1.62%"
"02/03/2025","23,361.05","23,319.35","23,381.60","23,222.00","329.67M","-0.52%"
"02/01/2025","23,482.15","23,528.60","23,632.45","23,318.30","281.01M","-0.11%"
"01/31/2025","23,508.40","23,296.75","23,546.80","23,277.40","304.86M","1.11%"
"01/30/2025","23,249.50","23,169.50","23,322.05","23,139.20","361.93M","0.37%"
"01/29/2025","23,163.10","23,026.75","23,183.35","22,976.50","226.31M","0.90%"
"01/28/2025","22,957.25","22,960.45","23,137.95","22,857.65","361.87M","0.56%"
"01/27/2025","22,829.15","22,940.15","23,007.45","22,786.90","257.37M","-1.14%"
"01/24/2025","23,092.20","23,183.90","23,347.30","23,050.00","264.34M","-0.49%"
"01/23/2025","23,205.35","23,128.30","23,270.80","23,090.65","275.56M","0.22%"
"01/22/2025","23,155.35","23,099.15","23,169.55","22,981.30","275.95M","0.57%"
"01/21/2025","23,024.65","23,421.65","23,426.30","22,976.85","312.87M","-1.37%"
"01/20/2025","23,344.75","23,290.40","23,391.10","23,170.65","301.46M","0.61%"
"01/17/2025","23,203.20","23,277.10","23,292.10","23,100.35","272.95M","-0.47%"
"01/16/2025","23,311.80","23,377.25","23,391.65","23,272.05","299.42M","0.42%"
"01/15/2025","23,213.20","23,250.45","23,293.65","23,146.45","228.04M","0.16%"
"01/14/2025","23,176.05","23,165.90","23,264.95","23,134.15","311.24M","0.39%"
"01/13/2025","23,085.95","23,195.40","23,340.95","23,047.25","316.48M","-1.47%"
"01/10/2025","23,431.50","23,551.90","23,596.60","23,344.35","261.02M","-0.40%"
"01/09/2025","23,526.50","23,674.75","23,689.50","23,503.05","269.24M","-0.69%"
"01/08/2025","23,688.95","23,746.65","23,751.85","23,496.15","266.38M","-0.08%"
"01/07/2025","23,707.90","23,679.90","23,795.20","23,637.80","262.34M","0.39%"
"01/06/2025","23,616.05","24,045.80","24,089.95","23,551.90","278.06M","-1.62%"
"01/03/2025","24,004.75","24,196.40","24,196.45","23,976.00","312.28M","-0.76%"
"01/02/2025","24,188.65","23,783.00","24,226.70","23,751.55","283.20M","1.88%"
"01/01/2025","23,742.90","23,637.65","23,822.80","23,562.80","154.92M","0.41%"
"12/31/2024","23,644.80","23,560.60","23,689.85","23,460.45","193.63M","0.00%"
"12/30/2024","23,644.90","23,796.90","23,915.35","23,599.30","364.93M","-0.71%"
"12/27/2024","23,813.40","23,801.40","23,938.85","23,800.60","176.82M","0.27%"
"12/26/2024","23,750.20","23,775.80","23,854.50","23,653.60","177.68M","0.10%"
"12/24/2024","23,727.65","23,769.10","23,867.65","23,685.15","177.66M","-0.11%"
"12/23/2024","23,753.45","23,738.20","23,869.55","23,647.20","189.76M","0.70%"
"12/20/2024","23,587.50","23,960.70","24,065.80","23,537.35","442.71M","-1.52%"
"12/19/2024","23,951.70","23,877.15","24,004.90","23,870.30","271.13M","-1.02%"
"12/18/2024","24,198.85","24,297.95","24,394.45","24,149.85","235.35M","-0.56%"
"12/17/2024","24,336.00","24,584.80","24,624.10","24,303.45","264.88M","-1.35%"
"12/16/2024","24,668.25","24,753.40","24,781.25","24,601.75","187.55M","-0.40%"
"12/13/2024","24,768.30","24,498.35","24,792.30","24,180.80","310.08M","0.89%"
"12/12/2024","24,548.70","24,604.45","24,675.25","24,527.95","266.05M","-0.38%"
"12/11/2024","24,641.80","24,620.50","24,691.75","24,583.85","187.25M","0.13%"
"12/10/2024","24,610.05","24,652.65","24,677.80","24,510.65","261.05M","-0.04%"
"12/09/2024","24,619.00","24,633.90","24,705.00","24,580.05","248.14M","-0.24%"
"12/06/2024","24,677.80","24,729.45","24,751.05","24,620.50","226.73M","-0.12%"
"12/05/2024","24,708.40","24,539.15","24,857.75","24,295.55","361.47M","0.98%"
"12/04/2024","24,467.45","24,488.75","24,573.20","24,366.30","348.00M","0.04%"
"12/03/2024","24,457.15","24,367.50","24,481.35","24,280.00","339.47M","0.75%"
"12/02/2024","24,276.05","24,140.85","24,301.70","24,008.65","220.38M","0.60%"
"11/29/2024","24,131.10","23,927.15","24,188.45","23,927.15","282.10M","0.91%"
"11/28/2024","23,914.15","24,274.15","24,345.75","23,873.35","366.75M","-1.49%"
"11/27/2024","24,274.90","24,204.80","24,354.55","24,145.65","295.01M","0.33%"
"11/26/2024","24,194.50","24,343.30","24,343.30","24,125.40","230.69M","-0.11%"
"11/25/2024","24,221.90","24,253.55","24,351.55","24,135.45","687.17M","1.32%"
"11/22/2024","23,907.25","23,411.80","23,956.10","23,359.00","367.56M","2.39%"
"11/21/2024","23,349.90","23,488.45","23,507.30","23,263.15","420.33M","-0.72%"
"11/19/2024","23,518.50","23,529.55","23,780.65","23,464.80","297.48M","0.28%"
"11/18/2024","23,453.80","23,605.30","23,606.80","23,350.40","263.31M","-0.34%"